"Metric","Value"
"R-squared",0.326048546547249
"RMSE",2.88860761530277
"MAE",2.31292063997815
"Training_n",35
"Testing_n",7
