"Observed_DM","Predicted_DM","Residual","NDVI3"
36.01,32.9297913015772,3.08020869842282,0.8
33.22,33.1903903138442,0.0296096861558084,0.82
27.03,32.5388927831767,-5.50889278317666,0.77
34.47,32.7994917954437,1.67050820455632,0.79
34.97,33.0600908077107,1.90990919228931,0.81
36.76,33.3206898199777,3.43931018002231,0.83
32.7,32.1479942647762,0.552005735223844,0.74
