"Variable","R_Square"
"FYLD",0.999999927446042
"RTWT",0.577912974696911
