"Component","Variance","StdDev","Percent"
"ENV_ENTRY",1.15619744250451,1.07526621936361,8.44843760406377
"ENTRY",2.95190627290353,1.71811125160844,21.5698418305164
"ENV_REP_BLK",0.550413915693867,0.741898858129508,4.02192346410583
"ENV_REP",0.0410492948190741,0.202606255626706,0.299950850279114
"ENV",0,0,0
"Residual",4.49288672465131,2.11964306538891,32.8299231255175
"Residual",4.49288672465131,2.11964306538891,32.8299231255175
