"Trait","N","Total_Variance","Heritability","Avg_Reps"
"CHL6",1859,13.6853403752236,0.567354857488288,4.1037527593819
