"Trait","N","Total_Variance","Heritability","Avg_Reps"
"PLTHTIII",1714,912.076570136433,0.628785978607365,3.78366445916115
