"Component","Variance","StdDev","Percent"
"ENV_ENTRY",38.5960901661516,6.2125751638231,4.23167214572547
"ENTRY",207.034364688116,14.3886887758446,22.699230685988
"ENV_REP_BLK",5.76343662032856,2.40071585580813,0.631902716179458
"ENV_REP",27.8268725755999,5.27511825228591,3.05093601641773
"ENV",0,0,0
"Residual",316.427903043118,17.7884204763413,34.6931292178447
"Residual",316.427903043118,17.7884204763413,34.6931292178447
