"Statistic","Value"
"LogLik",-7067.47030173762
"Deviance",14134.9406034752
"AIC",14148.9406034752
"BIC",14187.8392574793
"Nobs",1914
