"Component","Variance","StdDev","Percent"
"ENV:ENTRY",24.2946328873477,4.92895860069322,13.8527628974687
"ENTRY",34.0311227524453,5.833620038402,19.4044946803781
"ENV:REP:BLK",4.40970952743602,2.09993083872684,2.51440969754654
"ENV:REP",0.639777302885797,0.799860802193605,0.364800049671651
"ENV",0,0,0
"Residual",56.0011418917085,7.48339106900798,31.9317663374675
"Residual",56.0011418917085,7.48339106900798,31.9317663374675
