"Component","Variance","StdDev","Percent"
"ENV_ENTRY",0.528917159308466,0.727266910637674,3.66697630502332
"ENTRY",4.60627812395233,2.14622415510411,31.9352708408341
"ENV_REP_BLK",0.751011694023141,0.86660930875634,5.20675504341537
"ENV_REP",0.931571186135754,0.965179354387439,6.45857183092453
"ENV",0.314759849798654,0.561034624420502,2.18222625352795
"Residual",3.6456286893742,1.90935295044531,25.2750998631374
"Residual",3.6456286893742,1.90935295044531,25.2750998631374
