"Trait","N","Total_Variance","Heritability","Avg_Reps"
"CHL3",1861,14.4237953919667,0.76483149652638,4.10816777041943
