"Trait","N","Total_Variance","Heritability","Avg_Reps"
"NDVI9",1928,0.034230044433613,0.0751123257206723,4.2560706401766
