"Component","Variance","StdDev","Percent"
"ENV_ENTRY",0.000941311806442913,0.0306808051791819,2.74995788646587
"ENTRY",0.00013217583696622,0.0114967750680885,0.386139834619751
"ENV_REP_BLK",0.000156316794149584,0.012502671480511,0.456665472499605
"ENV_REP",0.000104554216309134,0.0102251756126305,0.305445751062083
"ENV",0.0270544724859351,0.164482438229542,79.0372111213747
"Residual",0.00292060664690503,0.0540426373052337,8.53228996698899
"Residual",0.00292060664690503,0.0540426373052337,8.53228996698899
