"Component","Variance","StdDev","Percent"
"ENV_ENTRY",18.5600183406295,4.30813397431295,9.30206758347508
"ENTRY",26.9924739856541,5.19542818116603,13.5283173029037
"ENV_REP_BLK",1.02239490906333,1.01113545534875,0.512412561591542
"ENV_REP",1.68654551744434,1.29867067320562,0.845277202745592
"ENV",34.0190401232172,5.83258434342935,17.0499513816959
"Residual",58.6226290436494,7.65654158505323,29.3809869837941
"Residual",58.6226290436494,7.65654158505323,29.3809869837941
