"Trait","N","Total_Variance","Heritability","Avg_Reps"
"SHTWT",1914,199.525730963307,0.454211322385844,4.22516556291391
