"Component","Variance","StdDev","Percent"
"ENV_ENTRY",0.0000408155458187081,0.00638870454933613,0.774392987023579
"ENTRY",0.000350880262553864,0.01873179816659,6.65724809398874
"ENV_REP_BLK",0.000399639593339942,0.0199909878030062,7.58235844239413
"ENV_REP",0.000349156565585649,0.0186857316042388,6.62454440677435
"ENV",0.0018151656580431,0.0426047609785937,34.4391218512218
"Residual",0.00115749630665831,0.0340219973937203,21.9611671092987
"Residual",0.00115749630665831,0.0340219973937203,21.9611671092987
