"Trait","N","Total_Variance","Heritability","Avg_Reps"
"NDVI3",1929,0.00527065023865788,0.528817662760248,4.25827814569536
