"Component","Variance","StdDev","Percent"
"ENV_ENTRY",86.1568495535006,9.28207140424488,5.69165325738144
"ENTRY",351.658487718166,18.7525594977903,23.2310975561386
"ENV_REP_BLK",19.7211855539258,4.44085414688726,1.3028116810112
"ENV_REP",51.4772708876825,7.17476626014273,3.40066724871419
"ENV",353.753858142513,18.8083454387278,23.3695209312152
"Residual",325.486328115351,18.0412396501834,21.5021246627697
"Residual",325.486328115351,18.0412396501834,21.5021246627697
