"Trait","N","Total_Variance","Heritability","Avg_Reps"
"PLTHTVI",1668,1513.74030808649,0.668283160870944,3.68211920529801
