"Trait","N","Total_Variance","Heritability","Avg_Reps"
"BRNHTIX",1106,3171.39281319705,0.60535490047624,2.44150110375276
