"Component","Variance","StdDev","Percent"
"ENV_ENTRY",206.771100856313,14.379537574495,6.51988299891079
"ENTRY",469.426378917705,21.6662497658848,14.8018995617411
"ENV_REP_BLK",0,0,0
"ENV_REP",0,0,0
"ENV",2010.51342714557,44.8387491701716,63.3952823118996
"Residual",242.340953138735,15.5673039778484,7.64146756372425
"Residual",242.340953138735,15.5673039778484,7.64146756372425
