"Component","Variance","StdDev","Percent"
"ENV_ENTRY",0.264257348076168,0.514059673652941,5.07707981105942
"ENTRY",0.624317998798036,0.790137961876302,11.9947934483355
"ENV_REP_BLK",0.0157063762242198,0.125325082183176,0.301760863845139
"ENV_REP",0.0599543541764848,0.244855782403612,1.1518810863371
"ENV",0.271654422085613,0.521204779415551,5.21919708949151
"Residual",1.98450889630869,1.40872598340085,38.1276438504657
"Residual",1.98450889630869,1.40872598340085,38.1276438504657
