"Trait","N","Total_Variance","Heritability","Avg_Reps"
"LODG",1430,5.20490829197791,0.411484194274966,3.15673289183223
