"Component","Variance","StdDev","Percent"
"ENV_ENTRY",0.0771043259205214,0.277676657140137,6.17033697390576
"ENTRY",0.0116324210978008,0.107853702290653,0.930894046979773
"ENV_REP_BLK",0.00637033337899589,0.0798143682490558,0.509791157827408
"ENV_REP",0.00441210257062435,0.0664236597201957,0.353082129947554
"ENV",0.806114235006343,0.897838646420582,64.509953366022
"Residual",0.17198163060593,0.41470668020413,13.7629711626587
"Residual",0.17198163060593,0.41470668020413,13.7629711626587
