"Trait","N","Total_Variance","Heritability","Avg_Reps"
"BRNLEVIII",576,1.24959667918615,0.0519320432347048,1.27152317880795
