"Trait","N","Total_Variance","Heritability","Avg_Reps"
"BRNLEVIX",1105,0.590039534643543,0.0709868786185595,2.439293598234
