"Component","Variance","StdDev","Percent"
"ENV_ENTRY",0.240083636018518,0.489983301775191,40.6894151869939
"ENTRY",0.0231529562812528,0.152160955179878,3.92396694151012
"ENV_REP_BLK",0.00292704581268839,0.0541021793709679,0.496076218766711
"ENV_REP",0.00653408418131282,0.080833682220426,1.10739769077681
"ENV",0.0103730064756124,0.10184795764085,1.75801888967981
"Residual",0.153484402937079,0.39177085513994,26.0125625361363
"Residual",0.153484402937079,0.39177085513994,26.0125625361363
