"Component","Variance","Percentage"
"Residual",56.0011379710775,31.9317646269341
"Residual",56.0011379710775,31.9317646269341
"ENTRY",34.0311130372972,19.4044894598533
"ENTRY:ENV",24.2946424809909,13.8527685955091
"BLK:REP:ENV",4.40971450322148,2.51441257607245
"REP:ENV",0.639777406406867,0.36480011469705
"ENV",0,0
