"Component","Variance","StdDev","Percent"
"ENV_ENTRY",2.97231232398313,1.72403953666473,16.1947132514257
"ENTRY",2.53100052462333,1.59091185319091,13.7902155856066
"ENV_REP_BLK",0.469862089008345,0.685464870732516,2.56005458706606
"ENV_REP",0.167156350998341,0.408847588959922,0.910755289990908
"ENV",0.0707510473404083,0.265990690326576,0.385488737058596
"Residual",6.07125708043143,2.46399210234762,33.0793862744261
"Residual",6.07125708043143,2.46399210234762,33.0793862744261
