"Trait","N","Total_Variance","Heritability","Avg_Reps"
"DYLD",1806,18.3535964968164,0.360224793296816,3.98675496688742
