"Component","Variance","StdDev","Percent"
"ENV_ENTRY",321.495126522511,17.9302851768317,21.7676839331708
"ENTRY",122.520106118799,11.0688800751837,8.29555015125817
"ENV_REP_BLK",23.1855801122641,4.81514071572827,1.56984146276208
"ENV_REP",0.148153584288599,0.384907241148565,0.0100311330726651
"ENV",678.028145944563,26.0389735962185,45.9077017383082
"Residual",165.780284892899,12.8755693036424,11.224595790714
"Residual",165.780284892899,12.8755693036424,11.224595790714
