"Trait","N","Total_Variance","Heritability","Avg_Reps"
"BRNHTVI",930,1476.93768206822,0.233475571964734,2.05298013245033
