"Component","Variance","StdDev","Percent"
"ENV_ENTRY",10.2286858199988,3.1982316707829,1.01762289449416
"ENTRY",304.659013901834,17.4544840628944,30.3096598151802
"ENV_REP_BLK",9.46756539538803,3.07694091516039,0.941901185647002
"ENV_REP",1.29753654624723,1.13909461689854,0.1290882249333
"ENV",371.53905656691,19.2753484162261,36.9633652665357
"Residual",153.981492999672,12.4089279552938,15.3191813066048
"Residual",153.981492999672,12.4089279552938,15.3191813066048
