"Trait","N","Total_Variance","Heritability","Avg_Reps"
"BRNHTIII",576,1005.15484422972,0.698778874465353,1.27152317880795
