"Trait","N","Total_Variance","Heritability","Avg_Reps"
"PLTHTIX",1607,3254.58520524216,0.623316302428156,3.54746136865342
