"Component","Variance","StdDev","Percent"
"ENV_ENTRY",131.031983100977,11.446920245244,4.02607321172368
"ENTRY",420.54032416356,20.5070798546151,12.921472250479
"ENV_REP_BLK",31.9754709719192,5.6546857535958,0.982474538396362
"ENV_REP",48.5982432415715,6.9712440239581,1.49322387268566
"ENV",1748.98503165722,41.820868375217,53.7391071783935
"Residual",436.727076053457,20.8980160793664,13.4188244741609
"Residual",436.727076053457,20.8980160793664,13.4188244741609
