"Trait","N","Total_Variance","Heritability","Avg_Reps"
"HI",1914,0.0311808066447438,0.592143988500639,4.22516556291391
