"Component","Variance","StdDev","Percent"
"ENV_ENTRY",0.00211899684220105,0.046032562846327,6.79583715182125
"ENTRY",0.00475965807620414,0.0689902752292244,15.2647047603128
"ENV_REP_BLK",0.000430114190860727,0.0207391945567017,1.37941970443934
"ENV_REP",0,0,0
"ENV",0.0140751206824447,0.11863861379182,45.1403353441382
"Residual",0.0048984584265166,0.0699889878946438,15.7098515196442
"Residual",0.0048984584265166,0.0699889878946438,15.7098515196442
