"Trait","N","Total_Variance","Heritability","Avg_Reps"
"NDVI6",1931,0.105571851551926,0.0312100944068353,4.26269315673289
