"Component","Variance","StdDev","Percent"
"ENV_ENTRY",0.0000000000000129225392911985,0.000000113677347308945,0.000000000012240515915213
"ENTRY",0.000261688694417074,0.0161767949364846,0.247877337159671
"ENV_REP_BLK",0.000499445864889858,0.0223482855022451,0.473086203896125
"ENV_REP",0,0,0
"ENV",0.035558520830327,0.188569671024603,33.6818198294433
"Residual",0.0346260980811394,0.186080891230506,32.7986083147443
"Residual",0.0346260980811394,0.186080891230506,32.7986083147443
