"Component","Variance","StdDev","Percent"
"ENV_ENTRY",1.00697450143243,1.00348119136954,11.9384768403363
"ENTRY",1.0586444634666,1.02890449676663,12.5510649885053
"ENV_REP_BLK",0.104063424947836,0.322588631150939,1.23375396983593
"ENV_REP",0.0936081790202991,0.305954537505655,1.10979878409054
"ENV",0.105663731510642,0.325059581477984,1.25272686618069
"Residual",3.03287199283657,1.74151428154827,35.9570892755256
"Residual",3.03287199283657,1.74151428154827,35.9570892755256
