"Trait","N","Total_Variance","Heritability","Avg_Reps"
"NOHAV",1914,8.43469828605095,0.38033804552003,4.22516556291391
