"Component","Variance","StdDev","Percent"
"ENV_ENTRY",91.7389096847844,9.57804310309702,11.1625059426577
"ENTRY",132.921394760433,11.5291541216359,16.1734629724488
"ENV_REP_BLK",15.2751649637552,3.9083455532687,1.85863468694869
"ENV_REP",9.31456187616494,3.05197671618984,1.13336699393091
"ENV",27.2759874887044,5.2226418112584,3.3188575434423
"Residual",272.66133930347,16.5124601226913,33.1765859302858
"Residual",272.66133930347,16.5124601226913,33.1765859302858
