"Trait","N","Total_Variance","Heritability","Avg_Reps"
"RTNO",1914,821.848697380782,0.459628666601074,4.22516556291391
