"Component","Variance","StdDev","Percent"
"ENV_ENTRY",200.325493314456,14.1536388718398,18.3032840726666
"ENTRY",492.821333309632,22.1995795750648,45.0279627989094
"ENV_REP_BLK",8.94395746179937,2.99064499093413,0.817189022967686
"ENV_REP",0,0,0
"ENV",3.37450741035272,1.83698323627428,0.308321056472083
"Residual",194.506561486865,13.9465609196986,17.7716215244921
"Residual",194.506561486865,13.9465609196986,17.7716215244921
