"Trait","N","Total_Variance","Heritability","Avg_Reps"
"ANGBR9",1608,1094.47841446997,0.658902684624668,3.54966887417219
