"Component","Variance","StdDev","Percent"
"ENV_ENTRY",5.98755237297374,2.44694756236699,14.32554389241
"ENTRY",5.08695817798174,2.25542860183641,12.1708234213471
"ENV_REP_BLK",0.317174607497291,0.563182570306727,0.758857455973066
"ENV_REP",0.127208411039272,0.356662881499143,0.304353024793961
"ENV",16.3257246730045,4.04051044708519,39.0601819925914
"Residual",6.97585857815087,2.64118507078752,16.6901201064422
"Residual",6.97585857815087,2.64118507078752,16.6901201064422
