"Trait","N","Total_Variance","Heritability","Avg_Reps"
"CHL9",1843,41.7963353987983,0.397756047417834,4.06843267108168
