"Component","Variance","StdDev","Percent"
"ENV_ENTRY",0.0415466556537272,0.203829967506565,4.85382272651736
"ENTRY",0.100895211819916,0.317640066458745,11.7874101879571
"ENV_REP_BLK",0.00491456550466515,0.0701039621181653,0.574160046390206
"ENV_REP",0.00202697728058512,0.0450219644238801,0.236808191557911
"ENV",0.0942863776786384,0.307060869663717,11.0153117158665
"Residual",0.306143814717379,0.553302642969812,35.7662435658555
"Residual",0.306143814717379,0.553302642969812,35.7662435658555
