"Trait","N","Total_Variance","Heritability","Avg_Reps"
"RTWT",1914,147.979958774802,0.451357068741778,4.22516556291391
