"Component","Variance","StdDev","Percent"
"ENV_ENTRY",21.0564559875387,4.58873141375029,14.2292619634952
"ENTRY",25.4446156624378,5.04426562171718,17.1946362690638
"ENV_REP_BLK",3.37439326953979,1.83695216854979,2.28030423678857
"ENV_REP",0.573423715249243,0.75724745971792,0.387500929177772
"ENV",14.1050711070302,3.75567185827386,9.53174417928815
"Residual",41.7129995165032,6.45856017363802,28.1882762110933
"Residual",41.7129995165032,6.45856017363802,28.1882762110933
