"Component","Variance","StdDev","Percent"
"ENV_ENTRY",3.08785227885765,1.75722857900094,10.5608546405397
"ENTRY",6.42168768470462,2.53410490799111,21.9630034278062
"ENV_REP_BLK",0.44776218924124,0.66915034875672,1.5314046680549
"ENV_REP",0.5157313102862,0.718144351983778,1.76386786336897
"ENV",4.43323173892675,2.10552410077081,15.1622266075348
"Residual",7.16619691331146,2.67697532923101,24.5093213963477
"Residual",7.16619691331146,2.67697532923101,24.5093213963477
