"Trait","N","Total_Variance","Heritability","Avg_Reps"
"STMDI9",1622,29.2386590286394,0.557876425710083,3.58057395143488
