"Trait","N","Total_Variance","Heritability","Avg_Reps"
"STARCH",1806,27.3147071129675,0.480177374860588,3.98675496688742
