"Component","Variance","StdDev","Percent"
"ENV_ENTRY",4.84355402797219,2.20080758540409,17.732403309105
"ENTRY",5.4045795084632,2.324775152238,19.7863352007073
"ENV_REP_BLK",0.166955719919379,0.408602153591215,0.611230130452753
"ENV_REP",0.0196792265296323,0.140282666533083,0.0720462659483896
"ENV",8.84863753914022,2.97466595421069,32.3951397411813
"Residual",4.01565054547146,2.00390881665595,14.7014226763026
"Residual",4.01565054547146,2.00390881665595,14.7014226763026
