"Trait","N","Total_Variance","Heritability","Avg_Reps"
"BRNLEVVI",925,0.758584066417672,0.346864340104746,2.04194260485651
