"Component","Variance","StdDev","Percent"
"ENV_ENTRY",0.135256041589412,0.367771724836768,17.8300662480486
"ENTRY",0.12223194091983,0.349616848735626,16.1131700929412
"ENV_REP_BLK",0.0241014042168841,0.155246269574776,3.17715666382241
"ENV_REP",0.00560170786100775,0.0748445579919325,0.738442594432702
"ENV",0.0838191270598195,0.289515331303576,11.049418353281
"Residual",0.19378692238536,0.440212360554948,25.5458730237371
"Residual",0.19378692238536,0.440212360554948,25.5458730237371
