"Component","Variance","StdDev","Percent"
"ENV_ENTRY",24.2946424809909,4.92895957388483,13.8527685955091
"ENTRY",34.0311130372972,5.83361920571588,19.4044894598533
"ENV_REP_BLK",4.40971450322148,2.09993202347635,2.51441257607245
"ENV_REP",0.639777406406867,0.799860866905531,0.36480011469705
"ENV",0,0,0
"Residual",56.0011379710775,7.48339080705247,31.9317646269341
"Residual",56.0011379710775,7.48339080705247,31.9317646269341
