"Trait","N","Total_Variance","Heritability","Avg_Reps"
"FYLD",1914,175.377523370071,0.475428052144894,4.22516556291391
