"Trait","N","Total_Variance","Heritability","Avg_Reps"
"CHL12",1830,46.0009761244907,0.654495518288604,4.03973509933775
