"Component","Variance","StdDev","Percent"
"ENV_ENTRY",1.41544927758888,1.18972655580552,3.07699835272691
"ENTRY",5.5175032109953,2.34893661280915,11.9943176772238
"ENV_REP_BLK",0.597030856923938,0.772677718666675,1.29786562639066
"ENV_REP",1.23495603368705,1.11128575698919,2.68463006164246
"ENV",25.1393775666174,5.01391838451898,54.6496611258502
"Residual",6.04832958933905,2.4593351925549,13.148263578083
"Residual",6.04832958933905,2.4593351925549,13.148263578083
