"Trait","N","Total_Variance","Heritability","Avg_Reps"
"DM",1806,15.4044369281517,0.48024504555481,3.98675496688742
