"Component","Variance","StdDev","Percent"
"ENV_ENTRY",2.73063993611843,1.65246480631765,17.726320986963
"ENTRY",3.04795654650957,1.74583978260022,19.7862249735296
"ENV_REP_BLK",0.0942444670744633,0.30699261729635,0.61180079164225
"ENV_REP",0.0111473733266746,0.105581122018449,0.0723646919304315
"ENV",4.99091336631913,2.23403522047418,32.3991937491607
"Residual",2.26476761940172,1.50491448906631,14.702047403387
"Residual",2.26476761940172,1.50491448906631,14.702047403387
