"Component","Variance","StdDev","Percent"
"ENV_ENTRY",24.7251450287793,4.97243853946726,6.41385205901466
"ENTRY",35.7127974076071,5.97601852470414,9.26411549535257
"ENV_REP_BLK",1.84070947674485,1.35672748801845,0.477491163498773
"ENV_REP",3.00550995409984,1.73364066464185,0.779647447368038
"ENV",146.912416546129,12.1207432340649,38.1099687893613
"Residual",86.6497255688411,9.30858343513347,22.4774625227023
"Residual",86.6497255688411,9.30858343513347,22.4774625227023
