"Trait","N","Total_Variance","Heritability","Avg_Reps"
"TYLD",1914,385.496029551043,0.441193136786303,4.22516556291391
